Couple Index , Couple Happiness
157 , 1.79769e+308
253 , 1.79769e+308
504 , 1.79769e+308
224 , 1.79769e+308
213 , 1.79769e+308
