Couple Index , Couple Happiness
179 , 1.79769e+308
232 , 1.79769e+308
223 , 1.79769e+308
215 , 1.79769e+308
213 , 1.79769e+308
