Couple Index , Couple Happiness
660 , 1.79769e+308
310 , 1.79769e+308
25 , 1.79769e+308
301 , 1.79769e+308
670 , 1.79769e+308
